Spotify URI,Title,Album,Artist(s),Submitter ID,Created,Comment,Round ID,Visible To Voters
spotify:track:018SQDupRTRsl1Wolu1X0c,Star Eater,Magnatron,Daniel Deluxe,3828fb97e38e4bfdac4343c43216a492,2026-04-28T09:40:02Z,"The start of this has a bit of a creepy undertaker-esque feel to it,so my persona is that of an Irish undertaker. I  come out spraying the crowd with holy water, pile driving my opponents into the ground, before saying a decade of the rosary over their cold, lifeless bodies",174a834d546f460fb420999d6c3439fd,Yes
spotify:track:0Ph6L4l8dYUuXFmb71Ajnd,Livin' la Vida Loca,Ricky Martin,Ricky Martin,e4fc2f3089594796b99dca4ab07f7d41,2026-04-27T14:07:47Z,"full Zorro outfit with a rose in my mouth, doesn’t stop shaking hips and quick step dancing in between moves ",174a834d546f460fb420999d6c3439fd,Yes
spotify:track:0tZ3mElWcr74OOhKEiNz1x,Bulls On Parade,Evil Empire,Rage Against The Machine,71c8417802d241c6b2c478d5a45128b3,2026-04-27T22:24:06Z,"I am the less popular cousin of the Undertaker, the Overgiver. I fight capitalism and The Man™️ through the power of socialism ",174a834d546f460fb420999d6c3439fd,Yes
spotify:track:2AxCeJ6PSsBYiTckM0HLY7,Voodoo Child (Slight Return),Electric Ladyland,Jimi Hendrix,78d12b4b50924b6e83f2a060a150a8e8,2026-04-27T18:06:33Z,"Such a classic. Hulk Hogan used this as his theme song for a bit. But my persona is a hypnotist whose finishing move is putting opponents into a trance by gloving with the lights off, then hitting them with a piledriver",174a834d546f460fb420999d6c3439fd,Yes
spotify:track:3cJh89D0za2SW705fNBo3b,Where's Your Head At,Rooty,Basement Jaxx,d007026516024c34981c654238511be8,2026-04-27T16:10:41Z,I’d be a Lucha Libre spandexed mofo,174a834d546f460fb420999d6c3439fd,Yes
spotify:track:3DaXIGJm0BCEB9X7zHTRfI,Feel Good Hit Of The Summer,Rated R - Deluxe Edition,Queens of the Stone Age,2fc9c6b8f92145d697caadac61426533,2026-04-28T13:07:49Z,"This is my entrance music for my wrestling persona Rick ""The Rollover"" Feisty. I love drugs and I'm always fuckin wrote off when I wrestle. My side kick is a dragon I constantly have to chase. My signature move is the ""fent lean flip"" off the top ropes. THE ROLLOVER' GONNA GET YA WAHOOOO",174a834d546f460fb420999d6c3439fd,Yes
spotify:track:4k4tFDl5rmRAA7L7gIjBTI,"Kashmir - Live: O2 Arena, London - December 10, 2007",Celebration Day,Led Zeppelin,0034474c5f804b6e99a366f09da69b35,2026-04-28T13:17:50Z,"Wrestling persona: Giant Cheese Plant man who's special move is ""groom underage kids""",174a834d546f460fb420999d6c3439fd,Yes
spotify:track:4KacUpvbA3Mfo05gttTjhN,Fat Lip,"All Killer, No Filler",Sum 41,1d843b6c8a8946b9bda7ad95b6ccc195,2026-04-28T18:25:58Z,My name is Alotta Angst (🤘) and my big move is breaking a sk8board over their head,174a834d546f460fb420999d6c3439fd,Yes
spotify:track:4Nwm4lvNRxXkGR6aMmtdKm,Fly Like an Eagle,Hits,Seal,dfd346d38f17465b9e121991477a6c8b,2026-04-28T16:17:00Z,"The Bald Eagle

Watch as this highflying hybrid takes to the skies in your local town hall. 
Expect dazzling plumage, feathery wings and top rope antics. 
",174a834d546f460fb420999d6c3439fd,Yes
spotify:track:4P6g27LvaQ4GIF8sxn2grB,Шум,Шум,Go_A,a3ae0c49642a47d48c37d7c01c632225,2026-04-27T17:02:17Z,великий хлопчик-борець,174a834d546f460fb420999d6c3439fd,Yes
spotify:track:4wSmqFg31t6LsQWtzYAJob,Genesis,Justice,Justice,acce4ec537804cfc8a1c34efb041aa52,2026-04-27T17:25:40Z,,174a834d546f460fb420999d6c3439fd,Yes
spotify:track:5aAHlqn7GfwWf90qjibAXp,Cowboys from Hell - 2010 Remaster,Cowboys from Hell (Deluxe),Pantera,96d515a50352471caca66cdd7e710407,2026-04-27T17:26:55Z,Iconic walkout song for the Cowboy Killer. He bursts out of the dressing room with this song playing. He lights a Marlboro red off the pyrotechnics on the catwalk before snubbing it on his own arm before the fight. Also he's wearing assless chaps and looks like he's about to perform at a Hen Party as a cowboy themed stripper ,174a834d546f460fb420999d6c3439fd,Yes
spotify:track:69Urq0NuoEZ6RwoaNVn1Pg,Smells Like Funk,Elephunk,Black Eyed Peas,e43c6e753dbf4f999a68467b26ac1663,2026-04-27T23:05:51Z,"“The Funk” - Opponents know they’re in for a long night when they hear the theme song. The Funk is armed with an array of stinky objects (onions, socks, armpits), and will do whatever it takes to earn a shot at the title.",174a834d546f460fb420999d6c3439fd,Yes
spotify:track:6lob8yGQuretKACtogsaQL,Show Me The Money,Step Up Soundtrack,Petey Pablo,a8e4878c0eef4cf2b98d20b54391601d,2026-04-28T17:51:59Z,Walk on theme tune for life. Kofi Kingston high energy persona ,174a834d546f460fb420999d6c3439fd,Yes
spotify:track:0dV2XGlA08rObQZdL4mPOK,Angela,Cleopatra,The Lumineers,2fc9c6b8f92145d697caadac61426533,2026-05-05T18:12:14Z,Nestled within all the stomp clap ho hey lies this gem ,21a447efcb6e4de3b3062140ee769249,Yes
spotify:track:0HAr4QR1xI8nwC7VfzYidu,Dead Memories,All Hope Is Gone,Slipknot,e43c6e753dbf4f999a68467b26ac1663,2026-05-03T15:33:39Z,Generally not a fan of heavy metal/screamo but love this. The lack of screaming probably helps,21a447efcb6e4de3b3062140ee769249,Yes
spotify:track:0qIOlMXPpcGirEqZBLQDbY,Potential Breakup Song,Anti-Valentine,Aly & AJ,a3ae0c49642a47d48c37d7c01c632225,2026-05-05T13:25:57Z," banger. So sad the rest of their discography does not bang.",21a447efcb6e4de3b3062140ee769249,Yes
spotify:track:1YrnDTqvcnUKxAIeXyaEmU,How Soon Is Now? - 2011 Remaster,Hatful of Hollow,The Smiths,78d12b4b50924b6e83f2a060a150a8e8,2026-05-05T13:33:59Z,Smiths hate coming mainly from Morrissey being a dick and having annoying vocals but this song rocks,21a447efcb6e4de3b3062140ee769249,Yes
spotify:track:29bU6XTJLnbWlNDlP6BvLb,Supermassive Black Hole - Twilight Soundtrack Version,Twilight Original Motion Picture Soundtrack (International Special Edition),Muse,e4fc2f3089594796b99dca4ab07f7d41,2026-05-03T15:35:14Z,specifically picking the twilight album cover (hoa hoa hoa hoa) I would very rarely gravitate towards much rock/this sound but this song is everything and the title is class and a life goal is still to be able to do the “alice baseball high kick”,21a447efcb6e4de3b3062140ee769249,Yes
spotify:track:2JuasWPUodaUxf5nwNpciQ,Nutshell,Jar Of Flies,Alice In Chains,71c8417802d241c6b2c478d5a45128b3,2026-05-06T14:27:56Z,Absolutely devastating song from a band that I otherwise don't really care for,21a447efcb6e4de3b3062140ee769249,Yes
spotify:track:2l7UudWZ44l1WbHx6ANod9,Homesick (with Sam Fender),Homesick (with Sam Fender),"Noah Kahan, Sam Fender",3828fb97e38e4bfdac4343c43216a492,2026-05-06T07:39:55Z,"Really not a fan of Noah Kahan - ever since ""Doc told me to travel, but there's covid on the planes"" 

However he redid his album to include other artists on his songs. Not only do I like this one, but it gave Sam the idea to do the same thing with Olivia Dean, which is how the new version of Rein Me In came about 
",21a447efcb6e4de3b3062140ee769249,Yes
spotify:track:3DarAbFujv6eYNliUTyqtz,Kiss Me More (feat. SZA),Planet Her,"Doja Cat, SZA",0034474c5f804b6e99a366f09da69b35,2026-05-06T13:39:34Z,,21a447efcb6e4de3b3062140ee769249,Yes
spotify:track:3vv9phIu6Y1vX3jcqaGz5Z,Roses,Roses,"The Chainsmokers, ROZES",1d843b6c8a8946b9bda7ad95b6ccc195,2026-05-05T21:28:02Z,"This song is so cool and different, when it came out I thought the Chainsmokers were gonna be the shit. Turns out they were just shit, but I appreciate them for this one 🤘",21a447efcb6e4de3b3062140ee769249,Yes
spotify:track:4oEf84vBYVftf6KmZexhVo,Northern Attitude (with Hozier),Northern Attitude (with Hozier),"Noah Kahan, Hozier",d007026516024c34981c654238511be8,2026-05-05T18:16:05Z,"Unlike the normy average male population of Ireland, I’m not really a fan of Mr Kahan, but this song hits the spot for me, both the original & even more so with our boy Hozier🙂",21a447efcb6e4de3b3062140ee769249,Yes
spotify:track:4uYwlMp841PLJmj1gJJwIq,"Lay, Lady, Lay",Nashville Skyline,Bob Dylan,a8e4878c0eef4cf2b98d20b54391601d,2026-05-06T17:40:34Z,I really really dislike bob Dylan and his voice but I cannot deny my love for this one song ,21a447efcb6e4de3b3062140ee769249,Yes
spotify:track:5qII2n90lVdPDcgXEEVHNy,Sunday Morning,Songs About Jane: 10th Anniversary Edition,Maroon 5,dfd346d38f17465b9e121991477a6c8b,2026-05-06T13:58:46Z,"I think Adam Levine is an absolute sook, but what a lovely Sunday bop",21a447efcb6e4de3b3062140ee769249,Yes
spotify:track:6V7Hk2EcweauFaN8cNtNku,Worship,For Club Play Only Pt. 4,Duke Dumont,acce4ec537804cfc8a1c34efb041aa52,2026-05-06T13:48:48Z,Banger innit,21a447efcb6e4de3b3062140ee769249,Yes
spotify:track:7BNDyzwDboNRR2wmd7GSew,Of The Night,All This Bad Blood,Bastille,96d515a50352471caca66cdd7e710407,2026-05-04T17:24:58Z,I hate Bastille but this always fuckin slaps for me,21a447efcb6e4de3b3062140ee769249,Yes
spotify:track:0ADXYdnGtoEcUodPirMYXZ,Burn It!,Burn It!,Mind Enterprises,a3ae0c49642a47d48c37d7c01c632225,2026-05-12T13:13:59Z,who's ready for kraftwerk 80s italo disco weird uncle italian pool party negroni summer 🥸,11030f12ada641bbbecf775caee1f452,Yes
spotify:track:0C0kbvI8BJEWejMb3b2d4t,Disco Cherry,Disco Cherry,Purple Disco Machine,d007026516024c34981c654238511be8,2026-05-12T10:04:25Z,Summer 2026 lets be having you,11030f12ada641bbbecf775caee1f452,Yes
spotify:track:0rLtUuQgwIlw6vv2eqHKdt,BEAT UP CHANEL$,WOR$T GIRL IN AMERICA,Slayyyter,a8e4878c0eef4cf2b98d20b54391601d,2026-05-13T16:44:07Z,This needs to pop off this summer ,11030f12ada641bbbecf775caee1f452,Yes
spotify:track:1HpOpFbCT9z6FyXdyPPeHX,I Did You Wrong,I Did You Wrong,Harry Hayes,3828fb97e38e4bfdac4343c43216a492,2026-05-13T11:06:53Z,My thinking for this one was taken from previous big summer hits like Now U Do/Baddy On The Floor - I could see people making their little insta summer video montages and using this as the song overlay,11030f12ada641bbbecf775caee1f452,Yes
spotify:track:1KVkzkmFBx4A8bCma6ruKA,Fabienk,Vol.II,Angine de Poitrine,2fc9c6b8f92145d697caadac61426533,2026-05-13T12:35:29Z,Angine de Poitrine summer baby,11030f12ada641bbbecf775caee1f452,Yes
spotify:track:213XNePBS3v9QW0lnPUXmZ,Truth Of Pursuit,Fleeting,Sarah Kinsley,1d843b6c8a8946b9bda7ad95b6ccc195,2026-05-13T16:46:13Z,"Found this artist on tiktok, she just released the EP in Feb. I think it's such a viiibeeee and her melodies are so cool. Gonna be bopping down the street to it on every sunny day ☀️",11030f12ada641bbbecf775caee1f452,Yes
spotify:track:2cmtyqW7yIflk6OEQDH2G6,solo - KETTAMA remix,solo (KETTAMA remix),"KETTAMA, Fred again.., Blanco",dfd346d38f17465b9e121991477a6c8b,2026-05-13T16:35:49Z,This song and a setting sun is the summer I’m manifesting 🌆 ,11030f12ada641bbbecf775caee1f452,Yes
spotify:track:2F6ie4adRPCCQquwR03nui,What Music Felt Like In 2007,What Music Felt Like In 2007,"DJ HEARTSTRING, BAUGRUPPE90",71c8417802d241c6b2c478d5a45128b3,2026-05-13T16:33:04Z,"DJ HEARTSTRING always makes me think of dancing in the Cause, you're grooving with all your mates, sun is shining and you're just having a great time, the potential of the summer ahead is palpable ",11030f12ada641bbbecf775caee1f452,Yes
spotify:track:2VeR22PlXdnn7F9VhxUTSR,Drop Dead Gorgeous,GIRLS,Princess Nokia,96d515a50352471caca66cdd7e710407,2026-05-12T10:04:37Z,Cunty summer banger,11030f12ada641bbbecf775caee1f452,Yes
spotify:track:3kSuigMCaMtyHXcMs1vbg8,Kickstarts,Won't Go Quietly,Example,78d12b4b50924b6e83f2a060a150a8e8,2026-05-13T17:55:22Z,Bringing back summer 2010 with this one,11030f12ada641bbbecf775caee1f452,Yes
spotify:track:3McBKxKZLXbE4czUezk5QG,End Of Summer,Deadbeat,Tame Impala,0034474c5f804b6e99a366f09da69b35,2026-05-13T15:30:48Z,Go easy on me and just ignore the name of the song ,11030f12ada641bbbecf775caee1f452,Yes
spotify:track:75GyGLjB9yFLTVltUlDVKI,dirty wedding dress,dirty wedding dress,Bleachers,e4fc2f3089594796b99dca4ab07f7d41,2026-05-11T10:58:35Z,“This summer is going to be a movie” vibe,11030f12ada641bbbecf775caee1f452,Yes
spotify:track:7LCpo05WGuGEOg3vrAmJeG,shackwards,Kimmagination,Sugabooo,acce4ec537804cfc8a1c34efb041aa52,2026-05-12T15:18:06Z,Cruisen through Crumlin all summa,11030f12ada641bbbecf775caee1f452,Yes
spotify:track:7nkLDSU4GMdjwIaiX23tID,Horsefly,Pull Like a Dog,The Scratch,e43c6e753dbf4f999a68467b26ac1663,2026-05-13T00:34:51Z,Folk-metal summer 🤘,11030f12ada641bbbecf775caee1f452,Yes
spotify:track:1t67WYNfUxfOiwaz7SJ66b,One Point Perspective,Tranquility Base Hotel & Casino,Arctic Monkeys,2fc9c6b8f92145d697caadac61426533,2026-05-17T16:26:28Z,I used to listen to this walking around the city late at night to and from work and it was *my* city,054475de244541c5b926d9b9937189a2,Yes
spotify:track:30PCVpTUwLIIduco6aeVcd,Is It Supposed,Cry Sugar,Hudson Mohawke,a3ae0c49642a47d48c37d7c01c632225,2026-05-19T11:05:58Z,"This is my late night, lime bike over tower bridge, ""girl who's going to be ok"" song ",054475de244541c5b926d9b9937189a2,Yes
spotify:track:436ZTlgGj7Sbr0YwOLxvRy,Digress,Hold (Reimagined),"nimino, Alex Larsson",3828fb97e38e4bfdac4343c43216a492,2026-05-17T16:46:27Z,"Playing this walking over london bridge at night with a few shroomies so the lights are all popping, very whimsical late night energy ",054475de244541c5b926d9b9937189a2,Yes
spotify:track:4QyTAToGczngpDZBhlU7AJ,Suburban Knights,Once Upon A Time In The West,Hard-Fi,0034474c5f804b6e99a366f09da69b35,2026-05-17T17:13:33Z,,054475de244541c5b926d9b9937189a2,Yes
spotify:track:4WEaJQLlhlkOU7YJDLhn7x,Drinking in L.A.,Glee,Bran Van 3000,96d515a50352471caca66cdd7e710407,2026-05-19T11:29:32Z,In my head I'm blasting this while sitting in the front seats of the top deck of the bus watching the city lights glide by ,054475de244541c5b926d9b9937189a2,Yes
spotify:track:56lhDZNQ5J47aog6mGKeGk,Thunder Road,Born To Run,Bruce Springsteen,e43c6e753dbf4f999a68467b26ac1663,2026-05-17T19:17:41Z,This song makes me feel like I can do anything,054475de244541c5b926d9b9937189a2,Yes
spotify:track:5CQ8kbCeDFZmASjXzp2I6b,CHROMA 008 TANGZ,CHROMA 008,"BICEP, ELIZA",d007026516024c34981c654238511be8,2026-05-18T14:59:01Z,Walking the streets of London / being on the night Tube home listening to this full volume gives major main character feeling,054475de244541c5b926d9b9937189a2,Yes
spotify:track:5jZoYp0P8ML7AxkS3tQz3j,Seventeen,Remind Me Tomorrow,Sharon Van Etten,1d843b6c8a8946b9bda7ad95b6ccc195,2026-05-19T16:06:20Z,Makes me feel just the perfect mix of happy and sad. It's all about the big screams at 2.55,054475de244541c5b926d9b9937189a2,Yes
spotify:track:6ggJRSf6O9tVp2tRgzhQcL,Dark Angel,Dreamstate,Kelly Lee Owens,71c8417802d241c6b2c478d5a45128b3,2026-05-19T11:34:05Z,"The Perks of Being a Wallflower tunnel scene except it's you on a lime bike on a quiet street, this kicks in and a montage of all the fun moments from your night flash by",054475de244541c5b926d9b9937189a2,Yes
spotify:track:6GyFP1nfCDB8lbD2bG0Hq9,Midnight City,"Hurry up, We're Dreaming",M83,a8e4878c0eef4cf2b98d20b54391601d,2026-05-18T23:02:12Z,warms my heart ,054475de244541c5b926d9b9937189a2,Yes
spotify:track:6ie2Bw3xLj2JcGowOlcMhb,Green Light,Melodrama,Lorde,e4fc2f3089594796b99dca4ab07f7d41,2026-05-17T18:15:56Z,Even better if you’re cycling home through the big city 🌃,054475de244541c5b926d9b9937189a2,Yes
spotify:track:09CtPGIpYB4BrO8qb1RGsF,Sorry,Purpose (Deluxe),Justin Bieber,1d843b6c8a8946b9bda7ad95b6ccc195,2026-05-25T18:57:08Z,"This was one of the first hits off his Purpose comeback album in 2015. Before that he was just a floppy haired cutie, but feel like this created basically a whole new person and artist, and I still think it's his best banger",c45efe4876b245a7ab9fec9830f38572,Yes
spotify:track:0UlwTmT01jdFp3BaofARtU,Kodachrome,The Essential Paul Simon,Paul Simon,a3ae0c49642a47d48c37d7c01c632225,2026-05-25T19:10:28Z,Who is a Simon without his Garfunkel ? But good he came back to do it solo,c45efe4876b245a7ab9fec9830f38572,Yes
spotify:track:0whmIaItqkT8e5PVuPyhvT,Perfect (Exceeder),Perfect (Exceeder),"Mason, Princess Superstar",d007026516024c34981c654238511be8,2026-05-25T22:41:21Z,Brought back into the limelight because of Saltburn in 2024 and recently started releasing new music again for the first time in years. Such a banger,c45efe4876b245a7ab9fec9830f38572,Yes
spotify:track:203xmWRHAyqwW6AkGkhhVM,The Space Program,We got it from Here... Thank You 4 Your service,A Tribe Called Quest,78d12b4b50924b6e83f2a060a150a8e8,2026-05-26T07:05:35Z,,c45efe4876b245a7ab9fec9830f38572,Yes
spotify:track:37PJvlIfYWqEX6fgjHlnTf,WTF Do I Know,Plastic Hearts,Miley Cyrus,e4fc2f3089594796b99dca4ab07f7d41,2026-05-24T19:03:15Z,"While I am a fan of pretty much all her music, after Wrecking Ball phase, the next three-ish albums flopped (with some amazing songs but generally didn’t do too well. Then post Liam divorce, she made this PERFECT album (imo) and Flowers (her first Grammy win) afterwards. This is one of my absolute favourite songs of hers 🤘🎸",c45efe4876b245a7ab9fec9830f38572,Yes
spotify:track:3Uh7rAb7F0XGVpEEDwfH1k,River Man,Five Leaves Left,Nick Drake,acce4ec537804cfc8a1c34efb041aa52,2026-05-22T20:04:10Z,,c45efe4876b245a7ab9fec9830f38572,Yes
spotify:track:4D40ZlFAWsvX7lua1Kablh,Jet - 2010 Remaster,Band On The Run,"Paul McCartney, Wings",0034474c5f804b6e99a366f09da69b35,2026-05-25T18:48:19Z,First few wings songs sucked after the Beatles but they got back with a bang ,c45efe4876b245a7ab9fec9830f38572,Yes
spotify:track:4tKGFmENO69tZR9ahgZu48,Murder On The Dancefloor,Read My Lips (Deluxe Version),Sophie Ellis-Bextor,dfd346d38f17465b9e121991477a6c8b,2026-05-25T18:53:08Z,"This song returned to the Billboard charts 19 years later thanks to Saltburn and TikTok, and kicked off a load of new opportunities for SEB",c45efe4876b245a7ab9fec9830f38572,Yes
spotify:track:5B6Kjha6RRIMWGN7zGsAaT,So Hot You're Hurting My Feelings,Pang,Caroline Polachek,71c8417802d241c6b2c478d5a45128b3,2026-05-25T17:20:19Z,Caroline Polachek first released music as a duo called Chairlift in the late 2000s and even released some solo music other some other aliases before coming the girly pop icon we now know and love ,c45efe4876b245a7ab9fec9830f38572,Yes
spotify:track:5UBBJnFxsfjFxfrtvErQoH,Crystalised,xx,The xx,3828fb97e38e4bfdac4343c43216a492,2026-05-25T19:10:12Z,"Big summer upcoming for them, very exciting ",c45efe4876b245a7ab9fec9830f38572,Yes
spotify:track:6ic8OlLUNEATToEFU3xmaH,Gimme More,Blackout,Britney Spears,e43c6e753dbf4f999a68467b26ac1663,2026-05-24T18:11:46Z,"Even though the drop off wasn’t her fault, the comeback was legendary",c45efe4876b245a7ab9fec9830f38572,Yes
spotify:track:6y4ySPeb68KGoAi1dk130F,Oblivius,Future Present Past,The Strokes,2fc9c6b8f92145d697caadac61426533,2026-05-25T22:39:52Z,"They were unexpectedly the hottest band in the early 2000s after releasing Is this it, couldn't handle the pressure and couldn't even record music in the same room for multiple albums after because they all hated each other and Julian was a drunk. They got back in the studio together after a hiatus for the New Abnormal in 2020 and absolutely smashed expectations, returning to their peak popularity and solidifying their musical legacy. They closed Coachella 2026 with this song criticising Israel so not only achieving new heights, but also being based af while doing it. (Not written by AI)",c45efe4876b245a7ab9fec9830f38572,Yes
spotify:track:73vfMXcXa6iY1E3lpf2fZO,Pussy Palace,West End Girl,Lily Allen,a8e4878c0eef4cf2b98d20b54391601d,2026-05-25T21:04:11Z,Icon tbh,c45efe4876b245a7ab9fec9830f38572,Yes
spotify:track:7K3Lc3TfSR14aTOjIH7TUj,Just The Way You Are,Just The Way You Are,Milky,96d515a50352471caca66cdd7e710407,2026-05-25T19:14:43Z,Really coming back recently. Mall grab remix is HOT ,c45efe4876b245a7ab9fec9830f38572,Yes
spotify:track:0bB0aRsAB2CTYRCeoMOFHU,Physical - Remastered 2021,Physical (Deluxe Edition) [Remastered 2021],Olivia Newton-John,e4fc2f3089594796b99dca4ab07f7d41,2026-05-29T14:35:57Z,"The scene: you’ve been out for a heavy dinner and the best poo of your life is COMING. It’s gonna be a physical, whole body experience 💩

“It's gettin' hard, this holdin' back
You know what I mean … You gotta know that you're bringin' out, the animal in me”",fc789ef1b21e4b4cbc0099328e3be85b,Yes
spotify:track:1VKPiQJnV15flF5B3zeocD,You Dropped A Bomb On Me,The Gap Band IV,The Gap Band,2fc9c6b8f92145d697caadac61426533,2026-06-01T12:08:50Z,This is a song about getting pooed on,fc789ef1b21e4b4cbc0099328e3be85b,Yes
spotify:track:2NBQmPrOEEjA8VbeWOQGxO,Drop It Like It's Hot,R&G (Rhythm & Gangsta): The Masterpiece,"Snoop Dogg, Pharrell Williams",dfd346d38f17465b9e121991477a6c8b,2026-05-31T15:25:04Z,Keep the baby wipes in the fridge🧊,fc789ef1b21e4b4cbc0099328e3be85b,Yes
spotify:track:3uCkIqD0VzQUijbs8WIizs,These Days,Chelsea Girl,Nico,e43c6e753dbf4f999a68467b26ac1663,2026-05-31T16:36:11Z,"Captures the feeling of thinking you don’t need to poop before you leave the house, only to be hit with the need to poop while out and about, without a toilet in sight. Heartbreaking",fc789ef1b21e4b4cbc0099328e3be85b,Yes
spotify:track:4EYJccyspoQHVMGAUPnLCV,Chocolate Town,Quebec,Ween,78d12b4b50924b6e83f2a060a150a8e8,2026-06-01T18:56:14Z,"Nice little jingle, all in the title",fc789ef1b21e4b4cbc0099328e3be85b,Yes
spotify:track:4w2Furap0ZzaiK4J14E9sR,Think U The Shit (Fart),Think U The Shit (Fart),Ice Spice,96d515a50352471caca66cdd7e710407,2026-06-01T12:47:51Z," POV Ice Spice is your opponent in a fictional game show, The Shit™️, in which contestants complete poop related challenges to be crowned ""The Shit"". She just dropped this diss track about you",fc789ef1b21e4b4cbc0099328e3be85b,Yes
spotify:track:4xdBrk0nFZaP54vvZj0yx7,HOT TO GO!,The Rise and Fall of a Midwest Princess,Chappell Roan,a8e4878c0eef4cf2b98d20b54391601d,2026-06-01T13:28:05Z,,fc789ef1b21e4b4cbc0099328e3be85b,Yes
spotify:track:52DKGPMQ21DauCR19pQ0BK,That Smell,Street Survivors,Lynyrd Skynyrd,1d843b6c8a8946b9bda7ad95b6ccc195,2026-06-01T13:07:06Z,The smell of death surrounds you,fc789ef1b21e4b4cbc0099328e3be85b,Yes
spotify:track:5GpfyJrKHJI36jDKtQiyGN,Golden Brown,Golden Brown,The Stranglers,acce4ec537804cfc8a1c34efb041aa52,2026-05-30T10:10:43Z,Lyrically all about lovely shits ,fc789ef1b21e4b4cbc0099328e3be85b,Yes
spotify:track:66IC0uXoVyYT5q3R27bbZy,Sit Down,Gold Mother,James,0034474c5f804b6e99a366f09da69b35,2026-06-01T12:59:06Z,"Oh sit down, oh sit down, oh sit down... Sit down and do poopy.
sit doooown, in sympathy🎱",fc789ef1b21e4b4cbc0099328e3be85b,Yes
spotify:track:6bUNEbXT7HovLW6BgPCBsb,Roses,Speakerboxxx/The Love Below,Outkast,71c8417802d241c6b2c478d5a45128b3,2026-05-29T14:15:08Z,"I know you'd like to think that your shit don't stank, but
Lean a little closer, see
Roses really smell like poo-poo-ooh",fc789ef1b21e4b4cbc0099328e3be85b,Yes
spotify:track:6dGnYIeXmHdcikdzNNDMm2,Here Comes The Sun - Remastered 2009,Abbey Road (Remastered),The Beatles,3828fb97e38e4bfdac4343c43216a492,2026-06-01T09:37:38Z,"This whole song is a metaphor for George Harrisons winter constipation. 
""A long, cold, lonely winter"" refers to his feeling of isolation, having not being able to socialise due to the severe internal build up.
""It seems like years since its been clear."" Although only lasting a few months, it felt like a lot longer for the poor soul. 
The sun, quite obviously, refers to the massive log that finally left him in the spring of 69.
When he finally returned to normality, he decided to underplay the whole situation, so when asked how hit gut was after the whole experience, he simply said ""Its alright"" 

doo doo doo  
",fc789ef1b21e4b4cbc0099328e3be85b,Yes
spotify:track:6sT9MWlJManry3EQwf4V80,Push It,"Hot, Cool & Vicious",Salt-N-Pepa,d007026516024c34981c654238511be8,2026-05-29T14:40:55Z,My constipation song,fc789ef1b21e4b4cbc0099328e3be85b,Yes
spotify:track:7FSYgJxIdEYErnIOEA8nG3,Baggy Trousers,Complete Madness,Madness,a3ae0c49642a47d48c37d7c01c632225,2026-05-30T13:15:15Z,,fc789ef1b21e4b4cbc0099328e3be85b,Yes
spotify:track:05QGaQnoBuda27vXxpuiRU,Unknown / Nth,Unreal Unearth,Hozier,e43c6e753dbf4f999a68467b26ac1663,2026-06-07T20:08:59Z,For anyone who’s ever felt wistful while sitting by a body of water,40f71c68d08944faad48aa7c348782ca,Yes
spotify:track:2fhOljbX79loRcdl47SFye,Moonlight on the River,This Old Dog,Mac DeMarco,0034474c5f804b6e99a366f09da69b35,2026-06-07T19:47:17Z,"Anything Mac would be the vibe here, just such a chill zen vibe, listening to this and the ambient sounds of a Norwegian lake 💆🏼‍♂️ this is a bit of a slow burn song but this lake is giving me lazy deck chair day kinda vibes ",40f71c68d08944faad48aa7c348782ca,Yes
spotify:track:4Py6Be35Kp6FTKDOp1i2LE,Round The Bend,Sea Change,Beck,78d12b4b50924b6e83f2a060a150a8e8,2026-06-05T00:10:54Z,"I think this song is so serene and calming. I love the rousing strings in the background, I think it's the perfect soundtrack for beholding the beauty that nature has to offer. Save the planet yall ",40f71c68d08944faad48aa7c348782ca,Yes
spotify:track:4rDNGiBF4tZbCDeeTH42II,Southern Star (feat. AURORA),Southern Star (feat. AURORA),"Leif Vollebekk, AURORA",dfd346d38f17465b9e121991477a6c8b,2026-06-07T15:48:21Z,"Aurora bringing the Nordic vibes, and the greenery suits Leif’s Canadian-Norwegian roots",40f71c68d08944faad48aa7c348782ca,Yes
spotify:track:5DZ4M3yMat79ok25rZHuA9,Olson,Music Has The Right To Children,Boards of Canada,96d515a50352471caca66cdd7e710407,2026-06-04T18:06:41Z,This and tripping off my nut on mushrooms ,40f71c68d08944faad48aa7c348782ca,Yes
spotify:track:5gz0QlcMMxQXZgXC1uvi5k,Brockley,I Can Hear the Birds,TEED,d007026516024c34981c654238511be8,2026-06-04T18:23:59Z,"It’s time to sit. It’s time to breathe. I think I forgot something, but I can’t remember what it was. Maybe I lost something and can’t remember where it went. All of the things I have desperately tried to look for, eventually I let go of. Not because I meant to, but because time gently forced my hands to open up and let go. I’ve tried to remember these forgotten things but some things that are gone, are gone for good reason. Breathe, and let go. There is still time to make a beautiful life. ",40f71c68d08944faad48aa7c348782ca,Yes
spotify:track:5WTQtZm6FVkNFJf4kx65Yh,Into the Woods,Snow,Fay Wildhagen,a8e4878c0eef4cf2b98d20b54391601d,2026-06-07T20:59:33Z,"Transported from the hustle and bustle of the city to the peace and beauty of nature where the sun is shining and the birds are singing and the air is clear and fresh, you feel emotional and calm wandering through the woods, taking deep breaths and escaping, you feel free",40f71c68d08944faad48aa7c348782ca,Yes
spotify:track:5Zsc5iKqeqfIyYsLuB2vrp,Please Forgive Me,White Ladder (2020 Remaster),David Gray,2fc9c6b8f92145d697caadac61426533,2026-06-05T19:12:37Z,"If I got transported to this remote spot I'd probably use the opportunity to cry and scream to David Gray

""Throw the stone and watch the ripples flow"" also because I'm beside a lake",40f71c68d08944faad48aa7c348782ca,Yes
spotify:track:6HTVZeVQ9J6Uiq6tHESxU9,"Welcome Home, Son",Ghost,Radical Face,a3ae0c49642a47d48c37d7c01c632225,2026-06-07T22:33:48Z,radical face sounds like the forest,40f71c68d08944faad48aa7c348782ca,Yes
spotify:track:6oCXDaFZYL7sHnowv6pdXb,Spring Into Summer,Older (and Wiser),Lizzy McAlpine,e4fc2f3089594796b99dca4ab07f7d41,2026-06-06T18:50:57Z,🌿🌷🌲,40f71c68d08944faad48aa7c348782ca,Yes
spotify:track:73uJybGAhwGRD9MZYrOmTY,Death with Dignity,Carrie & Lowell,Sufjan Stevens,1d843b6c8a8946b9bda7ad95b6ccc195,2026-06-07T19:58:15Z,"Such a beautiful song, the plink-y guitar always makes me think of trees and forests. I think it works for both a happy sunny lie-down, or an extremely peaceful bleed-out spot, whatever you're after yourself like.",40f71c68d08944faad48aa7c348782ca,Yes
spotify:track:7FxmqbpHbPmLAAdYERkFoN,Baneasa's Green Glade,Cold Blow And The Rainy Night,Planxty,acce4ec537804cfc8a1c34efb041aa52,2026-06-07T16:49:40Z,"I'll drink to you, my friends, in Dimovitsas tavern",40f71c68d08944faad48aa7c348782ca,Yes
spotify:track:7gSZkeBr9Koc9Rfm3pp769,Sweet Heat Lightning,Appaloosa Bones,Gregory Alan Isakov,3828fb97e38e4bfdac4343c43216a492,2026-06-05T11:03:52Z,"Sitting on a log with this playing, going into my mind bank and doing a little decluttering ",40f71c68d08944faad48aa7c348782ca,Yes
spotify:track:7t3VZQzCG5IW3PHRHT6Tip,Blink,Music for Nine Post Cards,Hiroshi Yoshimura,71c8417802d241c6b2c478d5a45128b3,2026-06-05T15:04:38Z,"Sit down, deep breath. You're at peace. Take in the beauty of nature, you almost forgot that this is literally the point of it all. Be it with mushies, a joint, or just pure vibes, let this song help you float away",40f71c68d08944faad48aa7c348782ca,Yes
spotify:track:0qjfjKFoP7LaqLI2KI9M1Q,Monday Morning,Fleetwood Mac,Fleetwood Mac,e43c6e753dbf4f999a68467b26ac1663,2026-06-14T09:28:09Z,Sets the tone for the album and the week,824d9c05897149799ca638396de6ed56,Yes
spotify:track:1BV0m40U0M4t1SLIsDnwZl,1973,All the Lost Souls,James Blunt,1d843b6c8a8946b9bda7ad95b6ccc195,2026-06-12T10:24:49Z,"Such a banger from my man Blunty, makes me nostalgic for a time I wasn't even born",824d9c05897149799ca638396de6ed56,Yes
spotify:track:1hQFF33xi8ruavZNyovtUN,"December, 1963 (Oh What a Night!)",Who Loves You,The Four Seasons,dfd346d38f17465b9e121991477a6c8b,2026-06-12T09:19:13Z,"What a lady, what a night 🕺💃",824d9c05897149799ca638396de6ed56,Yes
spotify:track:2aC8wwfrM0YeTAzzk8hxqC,Disco 2000,Different Class,Pulp,78d12b4b50924b6e83f2a060a150a8e8,2026-06-12T10:25:29Z,When I saw them live and they played this the crowd went absolutely bananas. Great lyrics ,824d9c05897149799ca638396de6ed56,Yes
spotify:track:2MIavWMdvbYuRoA2Cw6VkN,August 10,Con Todo El Mundo,Khruangbin,2fc9c6b8f92145d697caadac61426533,2026-06-14T12:10:24Z,Easily the best date song,824d9c05897149799ca638396de6ed56,Yes
spotify:track:2Xzgc9BFT2oONrZcD4EW1Y,Tunes Since '89,Tunes Since '89,KING BOOO!,96d515a50352471caca66cdd7e710407,2026-06-13T14:31:48Z,So sweet. Love this tune ,824d9c05897149799ca638396de6ed56,Yes
spotify:track:34cHdHVfIrrZlqH7SZKehf,Leap Day,Leap Day,Remember Sports,71c8417802d241c6b2c478d5a45128b3,2026-06-12T18:00:45Z,"Everyone's favourite 29th day of the month. 
I feel like this group will enjoy the nice indie vibes of this song",824d9c05897149799ca638396de6ed56,Yes
spotify:track:3kpLAy8v1NHnnhhLotODOz,Monday,Sadie,Photay,d007026516024c34981c654238511be8,2026-06-14T08:40:30Z,Quirky little song I came across years ago that has a happy energy to it,824d9c05897149799ca638396de6ed56,Yes
spotify:track:3Yl4rCXan23krsZnR9L60y,Cinco De Mayo,Anthology 1970-1974,War,a3ae0c49642a47d48c37d7c01c632225,2026-06-12T09:26:03Z,,824d9c05897149799ca638396de6ed56,Yes
spotify:track:49UnLatBtily66vR0W5EGy,1999 - Kaycee Radio Edit,1999,Binary Finary,a8e4878c0eef4cf2b98d20b54391601d,2026-06-12T09:54:38Z,Festival excitement building ,824d9c05897149799ca638396de6ed56,Yes
spotify:track:5l6GqSxplqnZbLg0LTPQeG,Back To December,Speak Now,Taylor Swift,e4fc2f3089594796b99dca4ab07f7d41,2026-06-12T10:09:27Z,Original version is allowed now yay 🫶 Her best album imo and one of my favs 💖 ,824d9c05897149799ca638396de6ed56,Yes
spotify:track:5QLHGv0DfpeXLNFo7SFEy1,1979 - Remastered 2012,Mellon Collie And The Infinite Sadness (Deluxe Edition),The Smashing Pumpkins,0034474c5f804b6e99a366f09da69b35,2026-06-12T10:45:07Z,,824d9c05897149799ca638396de6ed56,Yes
spotify:track:68hYdj3GepWm2R202KhJT7,1901,Wolfgang Amadeus Phoenix,Phoenix,3828fb97e38e4bfdac4343c43216a492,2026-06-12T09:49:46Z,,824d9c05897149799ca638396de6ed56,Yes
spotify:track:6hljcHcXCHYsYJph2WmENk,Sunday,Sunday,HNNY,acce4ec537804cfc8a1c34efb041aa52,2026-06-14T12:39:41Z,Some weeks you live a year,824d9c05897149799ca638396de6ed56,Yes
spotify:track:0vDwe7rbzdVeGsfelTTrG5,Aníron,The Very Best of Enya (Deluxe Edition),Enya,a8e4878c0eef4cf2b98d20b54391601d,2026-06-18T23:02:22Z,Enya no doubt playing - so angelic,c7213038227e42179555d9fc3430318c,Yes
spotify:track:1qVqPwp9kym1MJxhkC3E8a,Receiving (Jon Hopkins Piano Version),Receiving (Jon Hopkins Piano Version),"ANNA, Laraaji, Jon Hopkins",96d515a50352471caca66cdd7e710407,2026-06-20T15:43:16Z,This song fills me with a beautiful warmth. Take a deep breath. Everything is gonna be alright,c7213038227e42179555d9fc3430318c,Yes
spotify:track:1xRCmlU2GyzGem2vw4glxK,Arrival of the Birds,The Crimson Wing: Mystery Of The Flamingos,"The Cinematic Orchestra, London Metropolitan Orchestra",3828fb97e38e4bfdac4343c43216a492,2026-06-19T09:37:49Z,,c7213038227e42179555d9fc3430318c,Yes
spotify:track:2nFGIC472JfEAskv3z8iBs,Strings of Eden,Strings of Eden,Alex Kassian,78d12b4b50924b6e83f2a060a150a8e8,2026-06-19T00:14:10Z,"The strings, piano and synths cascading give this such an ethereal, otherwordly sound to it. When the vocals hit, I levitate.",c7213038227e42179555d9fc3430318c,Yes
spotify:track:32uLRYPFYAjNZGC7rQ6PXA,Sand Drawing,Sand Drawing,Judah Earl,e43c6e753dbf4f999a68467b26ac1663,2026-06-20T09:56:56Z,Everything is going to be ok,c7213038227e42179555d9fc3430318c,Yes
spotify:track:3cPtZw0oqMEkKlGSF0SLkc,Hammond Song,The Roches,The Roches,a3ae0c49642a47d48c37d7c01c632225,2026-06-19T15:38:03Z,"70s girl group who were signed by Paul Simon but hated him and the music industry so ran off to Hammond to learn Kung Fu and produce this album 🤘

When I was younger I thought this song was a group of girls begging their friend not to run off with a boy ",c7213038227e42179555d9fc3430318c,Yes
spotify:track:3ePd4K8tcdfr7KmbuOTrKK,From Gold,"Woodgate, NY",Novo Amor,dfd346d38f17465b9e121991477a6c8b,2026-06-20T15:28:50Z,Heavenly falsetto,c7213038227e42179555d9fc3430318c,Yes
spotify:track:3kaFCsrbWjhC0o81ZbILmU,Ultra Facial!,036,james K,d007026516024c34981c654238511be8,2026-06-19T15:12:14Z,Angels like a beat too,c7213038227e42179555d9fc3430318c,Yes
spotify:track:4ZknuVR2jOpMOcfwWpsuEr,An Ending (Ascent) - Remastered 2019,Apollo: Atmospheres And Soundtracks (Extended Edition),Brian Eno,2fc9c6b8f92145d697caadac61426533,2026-06-19T18:52:07Z,"Pretty sure this is what plays as you meet God, it's on his playlist ",c7213038227e42179555d9fc3430318c,Yes
spotify:track:67Jfevvbdxl7KwCdrxYlQc,Immunity - Asleep Version,Asleep Versions,"Jon Hopkins, King Creosote",71c8417802d241c6b2c478d5a45128b3,2026-06-19T12:27:03Z,The original is pretty dreamy and soothing but this version really makes you feel ✨floaty✨ ,c7213038227e42179555d9fc3430318c,Yes
spotify:track:6EXi6ZqTITKGtVBKqbphjL,Porcelain,Play,Moby,0034474c5f804b6e99a366f09da69b35,2026-06-18T15:53:30Z,,c7213038227e42179555d9fc3430318c,Yes
spotify:track:6r3Ld9WSdUP4sfu5W2tP9E,"Don't Be Afraid, You're Already Dead",Love Is Simple,Akron/Family,1d843b6c8a8946b9bda7ad95b6ccc195,2026-06-20T15:41:35Z,"But the angel reassured them: ""be not afraid!"" He said. ""It's only love""",c7213038227e42179555d9fc3430318c,Yes
spotify:track:77PWOAwOWIcUxG5Nq4U0YE,Ag Chriost an Siol,The Bells of the Angelus,"The Palestrina Choir, Blanaid Murphy",acce4ec537804cfc8a1c34efb041aa52,2026-06-18T17:25:02Z,"The title which translates to ""Christ is a Seal"" raises questions about the Lords amphibious qualities: can he swim or just merely walk on water? The soaring high notes of this 11yr old Cabra native, echo those of a seal's ""Arf"". Enjoy 🦭 ",c7213038227e42179555d9fc3430318c,Yes
spotify:track:7HEgOGOTgdOsyu7WKvduJ9,"Hymn to the Sea - From ""Titanic"" Soundtrack",Titanic: Original Motion Picture Soundtrack - Collector's Anniversary Edition,James Horner,e4fc2f3089594796b99dca4ab07f7d41,2026-06-18T20:21:15Z,"To me, there is no sound more comforting and dreamlike than anything that evokes the feeling of home and Ireland. The instruments, the melody, the atmosphere created makes it so easy to imagine an angel in front of you, bearing the good news and wrapping you in a warm embrace. Titanic imagery aside, this song could bring a tear to anyone’s eyes 🇮🇪☘️ ",c7213038227e42179555d9fc3430318c,Yes
spotify:track:0fzCtVM9D5UEwiLqcY8Ouq,Hard Sun,Into The Wild (Music For The Motion Picture),Eddie Vedder,96d515a50352471caca66cdd7e710407,2026-06-26T10:35:03Z,Sun beating me within an inch of my life this week fr,111240dbb6fb41dc9728d8678d90ae17,Yes
spotify:track:0IP9U6sTH3BBbmczskyxvm,Sambassim - DJ Patife Remix,Cool Steps Drum 'n' Bass Grooves,DJ Patife,acce4ec537804cfc8a1c34efb041aa52,2026-06-26T16:24:08Z,I'm not in the top 10 pf music league...,111240dbb6fb41dc9728d8678d90ae17,Yes
spotify:track:0Ln5tJyLX5qusquBOtq7wf,Fire,West Ryder Pauper Lunatic Asylum,Kasabian,0034474c5f804b6e99a366f09da69b35,2026-06-26T15:04:46Z,Chorus describes me perfectly ,111240dbb6fb41dc9728d8678d90ae17,Yes
spotify:track:1caT2YklnqZq35IcQ0oRLj,Candela,Buena Vista Social Club,Buena Vista Social Club,2fc9c6b8f92145d697caadac61426533,2026-06-26T05:55:55Z,"The heat that emanates from this song, you could be in a Cuban saloon with a slowly twirling fan on the ceiling, fanning yourself over a neat glass of rum",111240dbb6fb41dc9728d8678d90ae17,Yes
spotify:track:1f4cKwcKfNiLbQr8x2tZ3C,Melt!,Inner Song,Kelly Lee Owens,78d12b4b50924b6e83f2a060a150a8e8,2026-06-26T10:53:39Z,The title says it all. Proper choon though,111240dbb6fb41dc9728d8678d90ae17,Yes
spotify:track:1IqF5PUDUnaykHLs0RWbDO,Time Moves Slow,IV,"BADBADNOTGOOD, Samuel T. Herring",d007026516024c34981c654238511be8,2026-06-26T11:03:56Z,Everywhere is warm & there is no escape. So I sit in front of my fan sweating & sluggishly go about my day. Brain fog rampant. I don’t even know if I’m hungry or not. This song captures the feeling but makes it better tho ,111240dbb6fb41dc9728d8678d90ae17,Yes
spotify:track:1JSIWsJfxOji0FrxFcxdCK,"The Good, The Bad And The Ugly - 2004 Remaster","The Good, The Bad And The Ugly [Original Motion Picture Soundtrack / (Remastered & Expanded)]",Ennio Morricone,1d843b6c8a8946b9bda7ad95b6ccc195,2026-06-27T10:40:03Z,"These western soundtracks evoke the baking heat and merciless way of life of the desert.This one is particularly relevant because:
Summer = good
Heatwave in the city = bad
Me sweaty and sunburnt = ugly",111240dbb6fb41dc9728d8678d90ae17,Yes
spotify:track:2bfGNzdiRa1jXZRdfssSzR,Dirty Harry (feat. Bootie Brown),Demon Days,"Gorillaz, Bootie Brown",e43c6e753dbf4f999a68467b26ac1663,2026-06-26T15:13:10Z,"Maybe it’s the influence of the music video, but this song always makes me feel hot and sweaty, and sounds best on a sunny day",111240dbb6fb41dc9728d8678d90ae17,Yes
spotify:track:2W1ehC1GNSvUlWCKE5FSI5,Heatwave,Heatwave,Phoenix,3828fb97e38e4bfdac4343c43216a492,2026-06-26T06:47:17Z,"You're already melting, may as a well dance your lil ass off ",111240dbb6fb41dc9728d8678d90ae17,Yes
spotify:track:3R47KOuGuGvmoeQqbODPa3,If It Wasn't For The Nights,Voulez-Vous,ABBA,e4fc2f3089594796b99dca4ab07f7d41,2026-06-26T06:22:03Z,"“If it wasn't for the nights I think that I could make it” 

A song about the truly worst part of this heatwave … trying to get to sleep at night 🥵🛌

Also vibey ABBA makes everything okay x",111240dbb6fb41dc9728d8678d90ae17,Yes
spotify:track:3yO1OjqT59JyjHaQZcCYDX,Burning Down the House - 2005 Remaster,Speaking in Tongues (Deluxe Version),Talking Heads,71c8417802d241c6b2c478d5a45128b3,2026-06-26T09:30:04Z,Let's do the fun little David Byrne dance as we all burn,111240dbb6fb41dc9728d8678d90ae17,Yes
spotify:track:4erJBoqNtQtSgwTmnSGY7A,Sex On The Beach,Greatest Hits Vol. 1,DJ Assault,dfd346d38f17465b9e121991477a6c8b,2026-06-26T15:12:10Z,Sorry if I got your booty moving too much in this heat x,111240dbb6fb41dc9728d8678d90ae17,Yes
spotify:track:5DnflcAnOpTcW7Md6MG3XI,Everybody's Free (To Wear Sunscreen),Don't Turn Around,Renegade Soul,a3ae0c49642a47d48c37d7c01c632225,2026-06-26T09:06:20Z,PSA 🫶,111240dbb6fb41dc9728d8678d90ae17,Yes
spotify:track:5le4sn0iMcnKU56bdmNzso,Everybody Loves The Sunshine,Everybody Loves The Sunshine (Reissue),Roy Ayers Ubiquity,a8e4878c0eef4cf2b98d20b54391601d,2026-06-27T18:55:56Z,"Melting by a pool or on the beach with an aperol spritz, sun high in the sky baiting down ",111240dbb6fb41dc9728d8678d90ae17,Yes
spotify:track:1EuFHPoVGfyfEZBaYExK7v,Bird's Lament,Sax Pax For A Sax,Moondog,d007026516024c34981c654238511be8,2026-07-02T21:00:00Z,"This guy was blind, homeless for a time & a self taught composer. He also invented some musical instruments. Not my usual genre of music but I always found his songs cool, including this one✌🏻",3fec0009afa94954ab78a1c77e1e68ef,Yes
spotify:track:1XJSGRCMLh4IpCfyZXJe9J,My Song 5,Days Are Gone (Deluxe Edition),HAIM,3828fb97e38e4bfdac4343c43216a492,2026-07-06T12:06:29Z,Unconventional grunge element to an otherwise very soft rock indie trio ,3fec0009afa94954ab78a1c77e1e68ef,Yes
spotify:track:2KGJFFbKiR4S6yvYHsG17V,Melodramma,Cieli Di Toscana (Remastered),"Pierpaolo Guerrini, Paolo Luciani, Andrea Bocelli, Celso Valli",dfd346d38f17465b9e121991477a6c8b,2026-07-05T17:57:35Z,"Maybe not everyone’s cup of tea, but here’s some lovely opera for yiz ",3fec0009afa94954ab78a1c77e1e68ef,Yes
spotify:track:2ov40EF0gnt0t72ilfoXqV,Lw Kan,Lw Kan,El Shab Arab,acce4ec537804cfc8a1c34efb041aa52,2026-07-06T18:38:44Z,"Lybian Arabic 90s Pop genre might have been missed by some but I hear its on a comeback. A song about longing, regret and imagining how things would have been in a different relationship",3fec0009afa94954ab78a1c77e1e68ef,Yes
spotify:track:2tZIVD0ZPxpsoFx7hvAjWh,The Saltwater Room,Ocean Eyes (Deluxe Version),Owl City,e4fc2f3089594796b99dca4ab07f7d41,2026-07-05T16:41:48Z,"I’m genuinely a big Owl City fan (not so much his new stuff) and I love this album so much, he really was a one/two hit wonder 🩵",3fec0009afa94954ab78a1c77e1e68ef,Yes
spotify:track:3UPBOL5UtCZmJRwioMkfLD,Encore Une Fois - Future Breeze Edit,It's My Life,"Sash!, Future Breeze",78d12b4b50924b6e83f2a060a150a8e8,2026-07-03T16:28:16Z,"There's something about Eurotrance that transports me to a foam party in Ibiza, circa 2002.",3fec0009afa94954ab78a1c77e1e68ef,Yes
spotify:track:3W88n6kLHdhFIG9LrIiBqA,Volga Nehri (Turkish Disco Folk),Volga Nehri (Turkish Disco Folk),Arsivplak,96d515a50352471caca66cdd7e710407,2026-07-06T08:52:04Z,The flute solo goes so hard ,3fec0009afa94954ab78a1c77e1e68ef,Yes
spotify:track:4Ee6ZsyVepVsvObgYwzgH1,Permanent High School,Virtue,The Voidz,0034474c5f804b6e99a366f09da69b35,2026-07-02T21:12:55Z,,3fec0009afa94954ab78a1c77e1e68ef,Yes
spotify:track:4m0gpCh0BD2ZmXgWSoGidu,Лучшая девушка в СССР,Мечты - Третий Сорт,Messer Fur Frau Muller,a3ae0c49642a47d48c37d7c01c632225,2026-07-06T09:06:21Z,"the genre is Soviet Electronic Lounge 

This is a weird little freak of a song but I like it ",3fec0009afa94954ab78a1c77e1e68ef,Yes
spotify:track:4rK8pOI7L8VxmrftUFXg6m,Wasso (Mr. Boom Afro Mix),Wasso,"Baba Commandant & The Mandingo Band, Mr Boom",2fc9c6b8f92145d697caadac61426533,2026-07-03T18:16:26Z,"First heard this in a bar in Budapest like 8 years ago and I probably account for half the listens.

It's remix of a manding burkino Faso band with the coolest name of all time",3fec0009afa94954ab78a1c77e1e68ef,Yes
spotify:track:4trB3Y8zbSetvd1erUlsbh,party at club bug!,party at club bug!,spellcasting,71c8417802d241c6b2c478d5a45128b3,2026-07-06T09:49:10Z,imagine if we are all just little bugs going to the club ,3fec0009afa94954ab78a1c77e1e68ef,Yes
spotify:track:5O7ul5wIFeJfPLJCgNpBwm,Murda Meaisín,Murda Meaisín,"Súil Amháin, Tuath",e43c6e753dbf4f999a68467b26ac1663,2026-07-05T14:17:54Z,Some non-Kneecap Irish language rap for your listening pleasure. Shoutout Pádraig Pearse,3fec0009afa94954ab78a1c77e1e68ef,Yes
spotify:track:5rhLAQjsgVdHlFsqAoqnQZ,Take Me to My Destiny,The Synthea Starlight Album,"Synthea Starlight, Thoracius Appotite, Jara",1d843b6c8a8946b9bda7ad95b6ccc195,2026-07-06T19:23:08Z,"I found Mr Thoracius Appotite on Tiktok, I think Synthea Starlight is his good lady wife. This song is so spacey and unusual, her voice is like an alien or something. Idk I just think it's so cool hope you enjoy",3fec0009afa94954ab78a1c77e1e68ef,Yes
spotify:track:7b9oYQCf6g02miFtSCfubB,Dramophone,Panic,Caravan Palace,a8e4878c0eef4cf2b98d20b54391601d,2026-07-04T15:07:57Z,"So funky,, mix of electro and swing, chefs kiss! ",3fec0009afa94954ab78a1c77e1e68ef,Yes
spotify:track:00qOE7OjRl0BpYiCiweZB2,Juke Box Hero,4 (Expanded),Foreigner,1d843b6c8a8946b9bda7ad95b6ccc195,2026-07-13T12:18:54Z,I crank this shit to 11 and pretend I'm the hero of a cool cartoon/anime show where I fight crime and save the world with the undeniable power of rock. 100% recommend,52192fc317eb4cabb1c56403c8f619a3,Yes
spotify:track:0ptjIq1XKNYBtfjzXQ3dXE,Clearest Blue,Every Open Eye,CHVRCHES,a3ae0c49642a47d48c37d7c01c632225,2026-07-15T13:05:59Z,https://share.google/aVjgZuhBjOuzfgER8,52192fc317eb4cabb1c56403c8f619a3,Yes
spotify:track:1ZozJfi8u9cO2Ob8KwiwNT,Higher,Human Clay,Creed,71c8417802d241c6b2c478d5a45128b3,2026-07-10T19:56:22Z,Nothing says turn it up to 11 like some dad rock,52192fc317eb4cabb1c56403c8f619a3,Yes
spotify:track:287pDdRjRYf7sd84fzupQo,Sweet Victory,Sweet Victory,"David Glen Eisley, Bob Kulick",e43c6e753dbf4f999a68467b26ac1663,2026-07-10T20:31:51Z,Had this turned all the way up to 11 at the Bubble Bowl back in ‘01,52192fc317eb4cabb1c56403c8f619a3,Yes
spotify:track:2OoKzfr7RB5o9cxHArUoIS,Kerosene!,Heaven To A Tortured Mind,"Yves Tumor, Diana Gordon",d007026516024c34981c654238511be8,2026-07-17T13:09:24Z,"Crank it up baby, especially for the guitar section after a min or so ",52192fc317eb4cabb1c56403c8f619a3,Yes
spotify:track:2z71jdeVcC782NgsYZ6N8q,Paranoid (2012 Remaster),Paranoid,Black Sabbath,0034474c5f804b6e99a366f09da69b35,2026-07-14T11:08:54Z,"Fun fact: The tiny Stonehenge in Spinal Tap was a pisstake of Black Sabbath, who accidentally ordered a 45ft high model Stonehenge which was too big to use lol ",52192fc317eb4cabb1c56403c8f619a3,Yes
spotify:track:3VwCHFahYwyUSR0Rse4Boo,Bad Reputation,Bad Reputation (Expanded Edition),Joan Jett & the Blackhearts,3828fb97e38e4bfdac4343c43216a492,2026-07-15T11:02:33Z,I feel if this came on in the car on a long drive there'd be a lot of air guitar at every red light,52192fc317eb4cabb1c56403c8f619a3,Yes
spotify:track:43poRcd7S470UHQhgeogak,The Infinite Shore,The Infinite Shore,The Missing Peace,dfd346d38f17465b9e121991477a6c8b,2026-07-16T12:27:56Z,"Wait for the absolute wall of sound in the second half, well worth it",52192fc317eb4cabb1c56403c8f619a3,Yes
spotify:track:47daaR9V5NnoSo68Geb8wm,Black Math,Elephant,The White Stripes,78d12b4b50924b6e83f2a060a150a8e8,2026-07-16T20:23:14Z,I love this song so much I think it's absolutely rocking. Volume up to 11 at the 1 minute mark,52192fc317eb4cabb1c56403c8f619a3,Yes
spotify:track:4KLzHwOCBaTrZTR9O5AiIU,I Need This (Feat. Douvelle19),Like You Wanna EP,"DJ Motu, Douvelle19",2fc9c6b8f92145d697caadac61426533,2026-07-12T22:08:16Z,Only discovered this in recent days & it won't be to everyone's taste but imagine this blasting your genitals off from a sound system ,52192fc317eb4cabb1c56403c8f619a3,Yes
spotify:track:4yhGkvdYU5bi4950r80FRo,Tell Me Why - Radio Edit,Tell Me Why,"Supermode, Axwell, Steve Angello",a8e4878c0eef4cf2b98d20b54391601d,2026-07-17T14:45:32Z,"Has to be this song, belting it out at the top of lungs - such a mood lifter ",52192fc317eb4cabb1c56403c8f619a3,Yes
spotify:track:5vM8xMswH4MzinpWjQ3snK,Dread Rock,The Matrix Reloaded: The Album,Paul Oakenfold,96d515a50352471caca66cdd7e710407,2026-07-15T13:16:53Z,Saucy mixture of rock and electronic music here. So good,52192fc317eb4cabb1c56403c8f619a3,Yes
spotify:track:5YJtMNWKe55yr49cyJgxva,Everytime We Touch,Everytime We Touch (Premium Edition),Cascada,e4fc2f3089594796b99dca4ab07f7d41,2026-07-12T10:12:40Z,"I forget about this song all the time but when it comes back to me, it gets turned ALL THE WAY UP 🕺",52192fc317eb4cabb1c56403c8f619a3,Yes
spotify:track:78tgXRq9Q6tPNP9hKCpgwB,What Went Down,What Went Down,Foals,acce4ec537804cfc8a1c34efb041aa52,2026-07-15T11:43:56Z,"Heart beat racing, blood pressure high, kicked down every door in the house, punched a hole though the cereal box, karate chopped a pringle, headbutted a pumpkin cause he was smirking at me Arrrggaahhhh. Slept like a baby",52192fc317eb4cabb1c56403c8f619a3,Yes
spotify:track:02bA26OEe0nNFyE3YcNx4K,Heavy,Letter to Self,SPRINTS,e4fc2f3089594796b99dca4ab07f7d41,2026-07-22T14:43:32Z,🤘🤘🤘,952c48855c634cf799987eeac27b56a5,Yes
spotify:track:0difWBwYseFbbXTAj6TyOi,Nobody's Coming To Save You,Nobody's Coming To Save You,Gurriers,dfd346d38f17465b9e121991477a6c8b,2026-07-22T14:42:40Z,Bring your dancing shoes ,952c48855c634cf799987eeac27b56a5,Yes
spotify:track:0Z7GNrvgEj3iiIxxPtRwIe,This Song Is Not About A Girl,Lockjaw,"Flume, Chet Faker",d007026516024c34981c654238511be8,2026-07-25T11:30:10Z,"Listened to a lot of Chet Faker around the LC and always been a fan since but never got to see him live, so very excited to see him if anyone would like to join🥹 Song from collaborative EP with fellow Aussie Flume",952c48855c634cf799987eeac27b56a5,Yes
spotify:track:2MOej3BIsG1SlxXWWmgzGc,Hi Chaos,The Bad Fire,Mogwai,96d515a50352471caca66cdd7e710407,2026-07-22T17:03:35Z,I'm fucking buzzing for Mogwai tbh. I think they're gonna be so sick,952c48855c634cf799987eeac27b56a5,Yes
spotify:track:2nf5llRG3J5ZEkeGL4JSjA,Sleepwalking,Sleepwalking / Unmasked,Little Grandad,a3ae0c49642a47d48c37d7c01c632225,2026-07-23T23:38:18Z,🤏👴,952c48855c634cf799987eeac27b56a5,Yes
spotify:track:3ZxEXb4YeEWGTUPAmn2Xhe,Vhs,Smiling Through The Pain,Swimming Paul,2fc9c6b8f92145d697caadac61426533,2026-07-25T16:17:37Z,A new dig for me so looking forward to seeing someone new,952c48855c634cf799987eeac27b56a5,Yes
spotify:track:46zhW5gePuU7frFIaW27ti,Germ,Germ,"KhakiKid, F3miii",a8e4878c0eef4cf2b98d20b54391601d,2026-07-25T16:19:28Z,One of my favourite Irish artists 👌 ,952c48855c634cf799987eeac27b56a5,Yes
spotify:track:4hHjWMWYIuAFVa5RQZJFIP,Paris - Aeroplane Remix,Friendly Fires,"Friendly Fires, Aeroplane",3828fb97e38e4bfdac4343c43216a492,2026-07-22T14:44:28Z,,952c48855c634cf799987eeac27b56a5,Yes
spotify:track:5u67VJ8GAhnkFA1FolVhD0,Dark And Long - Dark Train,1992 - 2012,Underworld,78d12b4b50924b6e83f2a060a150a8e8,2026-07-22T20:22:29Z,When the synths hit I transcend to a higher plane,952c48855c634cf799987eeac27b56a5,Yes
spotify:track:6fCQ0b4fGyyTqHwpHqxRll,Forget Me Not,Silver,Say She She,acce4ec537804cfc8a1c34efb041aa52,2026-07-24T12:13:41Z,This song and my friends around me,952c48855c634cf799987eeac27b56a5,Yes
spotify:track:6skfouZ5bFFU3vxWaBla3B,Dog Dribble,Dog Dribble,Getdown Services,1d843b6c8a8946b9bda7ad95b6ccc195,2026-07-25T10:30:54Z,"These lads are a lot of craic to see live, sweaty tshirt off kinda vibe",952c48855c634cf799987eeac27b56a5,Yes
spotify:track:6WpZwkzyjINc6wDghg8Gzv,Girls,The Sex EP,The Dare,71c8417802d241c6b2c478d5a45128b3,2026-07-22T15:04:25Z,Feels appropriate for ATN,952c48855c634cf799987eeac27b56a5,Yes
spotify:track:7ANO3LRdvefIongRYm5Smz,White Noise,Settle (Deluxe Version),"Disclosure, AlunaGeorge",0034474c5f804b6e99a366f09da69b35,2026-07-22T14:45:33Z,,952c48855c634cf799987eeac27b56a5,Yes
spotify:track:7CPNWrZcctzjM9JlXx2TkI,Tuesday Paper Club,Tuesday Paper Club,Brògeal,e43c6e753dbf4f999a68467b26ac1663,2026-07-23T17:11:32Z,Hup 🏴󠁧󠁢󠁳󠁣󠁴󠁿,952c48855c634cf799987eeac27b56a5,Yes
spotify:track:0pJW1Xw3aY4Eh6k5iuBkfI,I Know The End,Punisher,Phoebe Bridgers,1d843b6c8a8946b9bda7ad95b6ccc195,2026-08-05T15:57:52Z,"All her songs mean a lot to me, but this one has everything in it that I could want from her. I listen to it when I'm sad or angry or feel like the world is ending and it always makes me feel better",e6145da62a1b47b9aa529616d4451baf,Yes
spotify:track:1jOLTO379yIu9aMnCkpMQl,You Never Give Me Your Money - Remastered 2009,Abbey Road (Remastered),The Beatles,0034474c5f804b6e99a366f09da69b35,2026-08-05T20:27:45Z,"This song is like a little thread to my life that I listen to when I'm worried or anxious about something big in my life, and reminds me things usually work out fine in the end 😊 something special about the fade out solo at the end",e6145da62a1b47b9aa529616d4451baf,Yes
spotify:track:1kSkAYLMmGyNdBQ3zP8xoQ,The Island,Back to the Centre,Paul Brady,acce4ec537804cfc8a1c34efb041aa52,2026-08-06T16:23:40Z,"This song was written in 1985, but it feels as real and as relevant now as it did then.

It sings about war in Lebanon, women and children dying on TV. After 40 years, nothing has really changed. It talks about the great cedar forests burning. Back then it must have seemed unimaginable that our world would heat up but it feels like a new harsh reality.

The conflicts have changed, but the hatred is still there. In the North, it's taken different forms through Islamophobia, xenophobia, and families being burnt out of their homes It doesn't take much to see that nationalism has taken new forms.

But this isn't meant to be a sad post...

In a world that can feel full of suffering, I've been lucky enough to find love, on an island. I only half knew this girl before stepping on a small Island and after a few days I had completely fallen for her. There's something about the Irish islands that gives me a sense of peace. I feel calm, safe and present there. The world slows and my mind with it.",e6145da62a1b47b9aa529616d4451baf,Yes
spotify:track:20abPwFDgwhwzr30DaSPFP,Mölkky,Grandfeathered,Pinkshinyultrablast,a8e4878c0eef4cf2b98d20b54391601d,2026-08-06T18:13:36Z,Feel every emotion at once when I listen to this song. A song that reminds of certain times and gets me hopeful for the future. ,e6145da62a1b47b9aa529616d4451baf,Yes
spotify:track:2MX5PSHbUm5Us2pZe7Verz,You Live / No One Like You,For Those I Love,For Those I Love,71c8417802d241c6b2c478d5a45128b3,2026-08-05T16:54:46Z,"The message of this song is about how loved ones we've lost aren't actually gone, they live on in our hearts, the impact they've had on our and others' lives & in all the little things that remind us of them. For a long time I would cry happysad tears anytime I listened to this ",e6145da62a1b47b9aa529616d4451baf,Yes
spotify:track:3jQyadhLTxpxadQlkFh2b8,Heartbeats,Veneer,José González,dfd346d38f17465b9e121991477a6c8b,2026-08-04T22:21:58Z,This song has been singing me to sleep through the good and bad times for 20 years now,e6145da62a1b47b9aa529616d4451baf,Yes
spotify:track:5B2mJIk8yso3ugyvfHR62A,California Stars,Mermaid Avenue,"Billy Bragg, Wilco",e43c6e753dbf4f999a68467b26ac1663,2026-08-05T12:08:28Z,Have got some lovely memories attached to this one ✨,e6145da62a1b47b9aa529616d4451baf,Yes
spotify:track:5CSWXnKRzx7vI4S4JFAunl,Our Way to Fall,And Then Nothing Turned Itself Inside-Out,Yo La Tengo,78d12b4b50924b6e83f2a060a150a8e8,2026-07-31T08:15:39Z,I love this song. I find it incredibly comforting and makes me feel like everything is going to be ok.,e6145da62a1b47b9aa529616d4451baf,Yes
spotify:track:5fHovBM24xMRzBESj76O66,Brown Girl in the Ring,The Essential Boney M.,Boney M.,3828fb97e38e4bfdac4343c43216a492,2026-08-05T12:15:51Z,"Two of my earliest childhood memories: 
1) Getting sad when my mum wasn't around to sign the I Love You song at the end of Barney 
2) Dancing with my mam to this in the Kitchen 

Who's big idea was it do to a sentimental round after 4 days of serotonin loss? 😭",e6145da62a1b47b9aa529616d4451baf,Yes
spotify:track:5kdXiiF8MxyLVhRjkVv9jQ,Sit Around The Fire,Sit Around The Fire,"Jon Hopkins, Ram Dass, East Forest",96d515a50352471caca66cdd7e710407,2026-07-30T17:34:58Z,I got a matching tattoo based on this song 🫶,e6145da62a1b47b9aa529616d4451baf,Yes
spotify:track:6IepN5nR2WGxVCVNFxIgbu,Edelweiss,The Sound Of Music (50th Anniversary Edition),"Bill Lee, Charmian Carr",e4fc2f3089594796b99dca4ab07f7d41,2026-08-01T17:52:51Z,My granny’s favourite favourite movie was The Sound of Music (as is mine). We have home videos of Christmas parties where everyone is chatting at the table and me and my granny are glued to the telly watching this movie. This was the song played at her funeral and it makes me so emotional every time I listen to it 🤍 Enjoy this beautiful waltz 🎶,e6145da62a1b47b9aa529616d4451baf,Yes
spotify:track:6LRhfKP8E7q0XEufBUgc2R,"Hey Baby (Uhh, Ahh)",Greatest - DJ Ötzi,DJ Ötzi,2fc9c6b8f92145d697caadac61426533,2026-08-06T18:21:42Z,Distinctly remember this song when I used to go around Ireland & Europe in my dad's truck when I was just a lil child,e6145da62a1b47b9aa529616d4451baf,Yes
spotify:track:6ngaOZmoYDSOILK4XfdJBW,West Coast,Too,FIDLAR,a3ae0c49642a47d48c37d7c01c632225,2026-08-04T21:11:34Z,"this song captures the feeling of running around college for 4 whole years making lots of new friends some of which are in this league!! And the butterfly effect of those experiences & friends making lots of *more* friends down the line today 

https://www.facebook.com/reel/1407199712630449",e6145da62a1b47b9aa529616d4451baf,Yes
spotify:track:6RfcgEI36FJNt2CvI3gmMk,Blackbird,A Woman's Heart,Sharon Shannon,d007026516024c34981c654238511be8,2026-08-05T16:07:25Z,"My Grandad used to love road tripping in Ireland. Sharon Shannon was one of his favourite artists & I still remember being in the back of the car when I was young listening to this song as we drove through the mountains.
They say with dementia it’s like grieving someone twice, once when they lose their memory & again once they pass away. I used to love spending time with him, even if we had the same conversations over & over again, and even when he forgot who I was. I always just wished I could have one more proper conversation with the man I once knew, tell him about all the exciting things in my life as I knew he would be so happy for me. Playing this song was one way to break back into his mind & catch a glimpse of his old self. He would turn to me & smile, & his foot would tap away to the beat. I would play it every time I was at his house, & sometimes multiple times a day. It would cheer us both up & bring back happy memories of the drives through the mountains. Forever loved x",e6145da62a1b47b9aa529616d4451baf,Yes
spotify:track:0y8MdWQBAXTTm8BFdqjfrD,"Go Easy, Kid (with James Blake)","Go Easy, Kid (with James Blake)","Monica Martin, James Blake",96d515a50352471caca66cdd7e710407,2026-08-17T17:46:24Z,"Go easy, kid
In 20 years, kid
You're gonna look back
And wish you grabbed it by the throat
And said ""Fuck it, it's only rock and roll""

Literally epitomises to me ""I'm in London in my 20s"" 😭",59fed3549bfc4e03b9b10cf5fd60c59e,Yes
spotify:track:1rr1bfpdO2QCyhpHOIQw4s,Love You,Sing For Very Important People,The Free Design,a3ae0c49642a47d48c37d7c01c632225,2026-08-16T14:19:09Z,"All of the lyrics in this song are so fluffy and warm and soft and give me a big visual hug

reading a lot about the inner child atm and this encapsulates all dat

☁️🌞🌈🍬👟🌾🌊🫧",59fed3549bfc4e03b9b10cf5fd60c59e,Yes
spotify:track:1XrSjpNe49IiygZfzb74pk,What Once Was,Songs of Her's,Her's,0034474c5f804b6e99a366f09da69b35,2026-08-11T13:14:09Z,"""I was at the end of every tether waiting for what once was"" - feels it captures the feeling of loss and nostalgia and longing for things to go back to the way they were so well ",59fed3549bfc4e03b9b10cf5fd60c59e,Yes
spotify:track:2DFRFqWNahKtFD112H2iEZ,Do You Realize??,Yoshimi Battles the Pink Robots,The Flaming Lips,1d843b6c8a8946b9bda7ad95b6ccc195,2026-08-14T18:45:09Z,"Do you realize, that everyone you know someday will die?
And instead of saying all of your goodbyes, let them know you realize that life goes fast
It's hard to make the good things last
You realize the sun doesn't go down
It's just an illusion caused by the world spinning round",59fed3549bfc4e03b9b10cf5fd60c59e,Yes
spotify:track:2JO3HwMRPeya8bXbtbyPcf,Love Will Tear Us Apart,The Best Of,Joy Division,dfd346d38f17465b9e121991477a6c8b,2026-08-17T21:43:27Z,"When routine bites hard and ambitions are low

And resentment rides high but emotions won't grow

And we're changing our ways, taking different roads

Then love, love will tear us apart again ❤️",59fed3549bfc4e03b9b10cf5fd60c59e,Yes
spotify:track:2P4Ds0DnfpQQOwixFn3C19,Style Is the Answer,Style Is the Answer,Mash,2fc9c6b8f92145d697caadac61426533,2026-08-12T13:39:31Z,"This song is a Charles Bukowski poem with a house beat behind it, every lyric hits, it always gets me out of a rut when I'm needing some inspiration to ""main character"" my life

""Style is the answer to everything
A fresh way to approach a
Dull or dangerous thing
To do a dull thing with style is preferable
To doing a dangerous thing without it
To do a dangerous thing with style
Is what I call art""",59fed3549bfc4e03b9b10cf5fd60c59e,Yes
spotify:track:35PKfoynRpVFoAUE3D5Kc6,Work Song,Hozier,Hozier,3828fb97e38e4bfdac4343c43216a492,2026-08-17T20:03:47Z,"""Cause my baby's sweet as can be, shed give me toothaches just from kissin' me"" 

What a cutie Hozier is eh? ",59fed3549bfc4e03b9b10cf5fd60c59e,Yes
spotify:track:4U45aEWtQhrm8A5mxPaFZ7,Vienna,The Stranger (Legacy Edition),Billy Joel,e4fc2f3089594796b99dca4ab07f7d41,2026-08-11T14:17:50Z,"“Slow down, you crazy child and take the phone off the hook and disappear for a while, it’s all right, you can afford to lose a day or two, when will you realise Vienna waits for you?”

Could honestly take any lyric from this song as a favourite. Always end up listening to this song by myself in the car when I am doing some self-reflecting and it makes everything seem okay. Reminds me to stay present and always warms my heart 🎶",59fed3549bfc4e03b9b10cf5fd60c59e,Yes
spotify:track:5aeaD92MF27C3ycAjcu3Ap,redesign,redesign,awfultune,a8e4878c0eef4cf2b98d20b54391601d,2026-08-17T19:53:56Z,"“There’s something inside that fucking hurts me every time
I’ve tried every single pill to help me chill, and I’m not satisfied
One minute I’ll be fucked and the next minute I’m fine
I can’t believe myself, I’m overwhelmed, I think I’ve lost my mind
Don’t romanticise my life
I need a redesign”

Love this song and these lyrics cause I translate it to my body is fucked, literally one thing after the other - wouldn’t wish upon anyone, would love a redesign though 🫰",59fed3549bfc4e03b9b10cf5fd60c59e,Yes
spotify:track:5JkTN6THtYH6bpOoHjOysc,Foundations,Made of Bricks,Kate Nash,71c8417802d241c6b2c478d5a45128b3,2026-08-11T22:55:52Z,"You already know...
""You said I must eat so many lemons
'Cause I am so BITTA""
Joyous scenes belting this out at ATN ",59fed3549bfc4e03b9b10cf5fd60c59e,Yes
spotify:track:6Phlvy4vI8cIrM0puZLgSt,A Rainy Night in Soho,Rum Sodomy & The Lash (Expanded Edition),The Pogues,e43c6e753dbf4f999a68467b26ac1663,2026-08-14T22:00:44Z,"The whole song is poetry, but “You’re the measure of my dreams” is absolute perfection",59fed3549bfc4e03b9b10cf5fd60c59e,Yes
spotify:track:6qMhpDgWAubisGyfTmLEUO,Time Million,Socialo Blanco,"Feater, Vilja Larjosto",d007026516024c34981c654238511be8,2026-08-17T12:08:47Z,"I’ve always enjoyed this song which explores the personification of time itself. 

My fav line (and granted there is not many lol) is “24/7 is a measure in vain, I count a heartbeat, I breathe”. The human constructs of scheduling and clock-watching are meaningless to time itself. Simply breathing and counting heartbeats means you possess all the ""wealth"" you will ever need. Live, laugh, love guys cause YOLO!!!",59fed3549bfc4e03b9b10cf5fd60c59e,Yes
spotify:track:6X967bPmrtP5v30EjBBBej,Hafi Deo,Mangase / Hafi Deo,Tabu Ley Rochereau,78d12b4b50924b6e83f2a060a150a8e8,2026-08-14T09:35:38Z,I'm in k hole 🎶,59fed3549bfc4e03b9b10cf5fd60c59e,Yes
spotify:track:7sTRAEf5IXMpsW7KNxzr4T,Cows with Guns,Cows with Guns,Dana Lyons,acce4ec537804cfc8a1c34efb041aa52,2026-08-15T12:52:30Z,"He hid in the forest, read books with great zeal
He loved Che Guevera, a revolutionary veal

Cow Tse Tongue",59fed3549bfc4e03b9b10cf5fd60c59e,Yes
spotify:track:0JAQUGJudVlhRoAqqhVoYX,All My Friends Are Falling In Love,All My Friends Are Falling In Love,The Vaccines,a3ae0c49642a47d48c37d7c01c632225,2026-09-04T09:55:36Z,"My alarm is the radio and this song was what played when I woke up on the first day in my new house 

Then I played it as I made breakfast with my new housemates, ran out the door of my new neighbourhood, chatted in the coffee shop, and then joined the hoards of cyclists to work in the city as the autumn leaves trickled on my pretty new streets 

To me this song feels like the beginning of a romcom buddy movie. I used to think it was a song of jealousy and now hearing it I feel a song of beginnings - all my friends are fall-ING in love yaaaay! So much is going to happen :)",d03dfd9dedcc4f7cb87075f4629f0a86,Yes
spotify:track:0Okh9A8MS2zKGVoDgiGn3Y,Play,Friend,james K,a8e4878c0eef4cf2b98d20b54391601d,2026-09-02T08:06:08Z,Euphoric ,d03dfd9dedcc4f7cb87075f4629f0a86,Yes
spotify:track:2eLFER6tM2IjnWVJaB3V8C,Yawn,Yawn,Bullion,96d515a50352471caca66cdd7e710407,2026-09-04T12:29:59Z,"""I couldn't sleep another day"". You've woken up from the dreamlike state you've been dwelling in, and it's time to move on with a fresh start",d03dfd9dedcc4f7cb87075f4629f0a86,Yes
spotify:track:2PyDeNcULEWKlq23nAMcbN,Young Again,Embrace the Future,GENTS,d007026516024c34981c654238511be8,2026-09-03T16:01:07Z,"I feel young again! I love this song & how synth pop 80s it is, similar to Pet Shop Boys & Depeche Mode despite being released in 2015. ",d03dfd9dedcc4f7cb87075f4629f0a86,Yes
spotify:track:2Ud3deeqLAG988pfW0Kwcl,All My Friends,Sound of Silver,LCD Soundsystem,e43c6e753dbf4f999a68467b26ac1663,2026-09-03T17:25:11Z,That’s how it starts and all that,d03dfd9dedcc4f7cb87075f4629f0a86,Yes
spotify:track:30SCXVFyQGOFMdKnbgJS18,I Can See Clearly Now,The Best Of,Johnny Nash,dfd346d38f17465b9e121991477a6c8b,2026-09-04T13:05:49Z,"Bye bye gloomy days, hello sunshine 🌞 ",d03dfd9dedcc4f7cb87075f4629f0a86,Yes
spotify:track:333XFHKsHU0pOocFzBgrJi,Deeper Well,Deeper Well,Kacey Musgraves,e4fc2f3089594796b99dca4ab07f7d41,2026-09-03T16:53:56Z,"A beauty of an album and a perfect song for this theme I believe, sometimes it is time for a change and that’s okay :)",d03dfd9dedcc4f7cb87075f4629f0a86,Yes
spotify:track:3FjYAj4hg5KiXpVAMjpLKq,This Is the Day,Soul Mining,The The,1d843b6c8a8946b9bda7ad95b6ccc195,2026-09-01T16:47:14Z,"This is really the song for me for a big life change (especially if we're watching after the eclipse, pulling back the curtains and the sun burns into our eyes ☀️) I listened to it when the plane took off for a big move to London ❤️",d03dfd9dedcc4f7cb87075f4629f0a86,Yes
spotify:track:3QQTO2HfvGE15TWVFJ9fFh,CHANCE,OIL LACQUER,"Jambo Lacquer, Olive Oil",71c8417802d241c6b2c478d5a45128b3,2026-09-03T16:38:46Z,This song reminds me of waking up on a bright sunny morning and anything being possible ,d03dfd9dedcc4f7cb87075f4629f0a86,Yes
spotify:track:4dT3qLUU6fFUmomLzk2cUA,Freedom! '90 - Remastered,Ladies & Gentlemen,George Michael,0034474c5f804b6e99a366f09da69b35,2026-09-02T17:09:23Z,,d03dfd9dedcc4f7cb87075f4629f0a86,Yes
spotify:track:4mVsLqaJtptz3QBzbuTiCS,Ocotillo,Cascade,Floating Points,2fc9c6b8f92145d697caadac61426533,2026-09-03T16:56:07Z,This song makes me feel like I'm being born ,d03dfd9dedcc4f7cb87075f4629f0a86,Yes
spotify:track:4Q4vLzRcP4sP2v1ajkz3RC,Child's Play,Fiction Tales,Modern Eon,78d12b4b50924b6e83f2a060a150a8e8,2026-09-03T20:22:46Z,This is a triumphant proclamation of happiness,d03dfd9dedcc4f7cb87075f4629f0a86,Yes
spotify:track:4wVKeRjQlcNK5ERf9XTpGy,Aku Raukura,Poi E,Patea Maori Club,acce4ec537804cfc8a1c34efb041aa52,2026-09-03T12:11:40Z,"Somethings learnt, somethings lost, now dance into the sunset ",d03dfd9dedcc4f7cb87075f4629f0a86,Yes
spotify:track:5rAff9XfcWx7rguN3t0fkW,"New York, I Love You but You're Bringing Me Down",Sound of Silver,LCD Soundsystem,3828fb97e38e4bfdac4343c43216a492,2026-09-04T09:52:11Z,"I watched this live, and a certain someone in the squad became quite emotional during the performance. Although the song itself is mainly about the gentrification of NY, for them it brought back memories of a time when their gang was leaving college and all taking separate paths into adulthood.

As I start a new chapter myself, I can't help but have similar feelings while listening — comforted by the fact that, during a possible few spells of loneliness ahead, I'll still be connected to my group, even if only by sending a few tunes to one another.
",d03dfd9dedcc4f7cb87075f4629f0a86,Yes
